用語,科目,出題回数（11回中）,解説
予報業務,一般知識,11,予報業務は、気象などの予報を反復・継続して行う業務である。目的や対象によって気象庁長官の許可が必要となる。
気圧,一般知識,11,気圧は、大気が単位面積に及ぼす力である。高度が上がるほど上にある空気の質量が減るため、通常は低下する。
気温,一般知識,11,気温は大気の温度を表す気象要素である。観測では日射や地面の影響を避け、通風された環境で測定する。
気象,一般知識,11,気象業務法上の気象は、電離層を除く大気の諸現象をいう。気圧、気温、風、雲などが含まれる。
気象予報士,一般知識,11,気象予報士は、予報業務において現象の予想を担当するための国家資格者である。試験合格後に気象庁長官の登録を受ける必要がある。
気象庁長官,一般知識,11,気象庁長官は、気象業務法に基づく許可、登録、検定、警報の通知などを所管する行政機関の長である。設問では誰が処分・届出・通知を行うかを区別する。
予報,一般知識,10,予報は、気象業務法では観測の成果に基づく現象の予想を発表することをいう。内部利用だけの予想と、不特定または多数への発表を区別する。
密度,一般知識,10,密度は単位体積当たりの質量である。大気では気圧が高いほど大きく、同じ気圧なら気温が高いほど小さい。
気象業務法,一般知識,10,気象業務法は、気象業務の健全な発達と公共の福祉への寄与を目的とする法律である。観測、予報、警報、気象予報士、測器検定などを定める。
観測,一般知識,10,観測は、気象業務法では自然科学的方法による現象の観察および測定をいう。単なる目視だけでなく、測器による測定も含む。
飽和水蒸気圧,一般知識,10,飽和水蒸気圧は、水蒸気と水または氷が平衡にあるときの水蒸気圧である。主に温度で決まり、温度が高いほど大きい。
オゾン,一般知識,9,オゾンは主に成層圏で紫外線を吸収し、大気を加熱する。生成域と濃度の極大域は一致せず、輸送の影響も受ける。
予報業務の許可,一般知識,9,予報業務の許可は、気象などの予報業務を行う者が原則として気象庁長官から受ける許可である。申請事項、変更手続、予報資料や要員が問われる。
太陽放射,一般知識,9,太陽放射は、太陽から地球へ届く電磁波エネルギーで、主に短波放射として扱う。可視域に多くのエネルギーを含む。
成層圏,一般知識,9,成層圏は対流圏界面の上にあり、オゾンによる紫外線吸収のため上部ほど高温となる。鉛直混合は対流圏より弱い。
紫外線,一般知識,9,紫外線は、可視光より波長が短い電磁波である。酸素やオゾンに吸収され、上層大気の加熱や光化学反応をもたらす。
二酸化炭素,一般知識,8,二酸化炭素は長波放射を吸収する温室効果気体である。濃度は窒素や酸素より小さいが、気候変動に重要な役割をもつ。
地衡風,一般知識,8,地衡風は、気圧傾度力とコリオリ力が釣り合った風である。北半球では低圧側を左に見て等圧線または等高度線に平行に吹く。
相対湿度,一般知識,8,相対湿度は、実際の水蒸気圧を同じ温度の飽和水蒸気圧で割った割合である。水蒸気量が同じでも気温が変われば値は変化する。
積乱雲,一般知識,8,積乱雲は、強い上昇流によって鉛直に発達する対流雲である。雷、短時間強雨、ひょう、突風などを伴う。
警報事項,一般知識,8,警報事項は、警報の対象となる現象、区域、期間など警戒すべき内容である。気象庁から関係機関へ通知される。
凝結,一般知識,7,凝結は、水蒸気が液体の水へ変化する相変化である。その際には潜熱が放出され、雲粒の生成や発達に関与する。
大気上端,一般知識,7,大気上端は、地球の放射収支を考える際に大気圏の上端として扱う境界である。入射太陽放射、反射短波放射、外向き長波放射の収支を評価する。
対流圏,一般知識,7,対流圏は地表から対流圏界面までの大気層で、気温は平均的に高度とともに低下する。雲や降水など日常の気象現象の大部分が生じる。
混合比,一般知識,7,混合比は、乾燥空気の質量に対する水蒸気の質量の比である。凝結や蒸発がなければ空気塊の移動でほぼ保存される。
温室効果,一般知識,7,温室効果は、大気が地表面からの長波放射を吸収・再放射し、地表付近を暖める働きである。水蒸気や二酸化炭素などが寄与する。
災害対策基本法,一般知識,7,災害対策基本法は、防災に関する国、地方公共団体、住民などの責務と基本制度を定める。防災計画、災害対策本部、避難指示などが規定される。
蒸発,一般知識,7,蒸発は、液体の水が水蒸気へ変化する相変化である。周囲から潜熱を奪うため、雨滴や地表面の蒸発は空気を冷却する。
衝突・併合,一般知識,7,衝突・併合は、落下速度の異なる雲粒や雨滴が衝突して一つになる成長過程である。暖かい雨の主要な降水粒子成長機構である。
降水量,一般知識,7,降水量は、一定時間の降水を地表の水平面にたまった水の深さに換算した量である。雪などの固体降水は融かした水の深さで表す。
静力学平衡,一般知識,7,静力学平衡は、鉛直気圧傾度力と重力が釣り合った状態である。大気の気圧と高度の関係を考える基礎となる。
下降流,一般知識,6,下降流は、空気が下向きに移動する流れである。下降する空気は圧縮されて昇温するが、降水粒子の蒸発や融解によって冷却される場合もある。
乾燥断熱減率,一般知識,6,乾燥断熱減率は、未飽和空気塊が断熱的に上昇するときの気温低下率で、約10°C/kmである。下降時には同じ割合で昇温する。
対流圏界面,一般知識,6,対流圏界面は対流圏と成層圏の境界で、気温減率によって定義される。一般に低緯度ほど高く、気温も低い。
水蒸気圧,一般知識,6,水蒸気圧は、混合気体中で水蒸気が担う分圧である。相対湿度や混合比を求める基礎量となる。
氷粒子,一般知識,6,氷粒子は、氷晶、雪結晶、雪片、あられなど固体の水からなる雲・降水粒子の総称である。昇華、雲粒捕捉、集合などで成長する。
窒素,一般知識,6,窒素は乾燥空気で最も多い気体で、体積比は約78%である。大気の主要成分として酸素やアルゴンとの割合が問われる。
融解,一般知識,6,融解は、氷や雪が液体の水へ変化する相変化である。周囲から融解熱を吸収するため、融解層では空気の冷却が起こる。
過冷却水滴,一般知識,6,過冷却水滴は、0°C未満でも凍結せず液体のまま存在する水滴である。氷粒子との共存は冷たい雨の成長過程で重要となる。
酸素,一般知識,6,酸素は乾燥空気で2番目に多い気体で、体積比は約21%である。紫外線を吸収してオゾン生成にも関与する。
降水,一般知識,6,降水は、雨、雪、あられ、ひょうなどが大気中から落下する現象またはその生成物である。液体と固体の両方を含む。
アルベド,一般知識,5,アルベドは、入射した短波放射に対する反射された短波放射の割合である。雪氷や厚い雲では大きく、海面では一般に小さい。
エーロゾル,一般知識,5,エーロゾルは、大気中に浮遊する固体または液体の微粒子である。雲凝結核や氷晶核となるほか、放射の散乱・吸収にも関与する。
コリオリパラメータ,一般知識,5,コリオリパラメータは、コリオリ力の強さを表す緯度依存の係数である。赤道で0となり、極へ向かうほど絶対値が大きくなる。
ハドレー循環,一般知識,5,ハドレー循環は、熱帯の上昇、亜熱帯の下降、下層の貿易風からなる南北循環である。熱や角運動量の輸送に重要である。
プラネタリー波,一般知識,5,プラネタリー波は、地球規模の非常に長い波長をもつ大気の波動である。対流圏から成層圏へ伝播し、成層圏突然昇温にも関与する。
メタン,一般知識,5,メタンは、二酸化炭素より濃度は低いが強い温室効果をもつ気体である。湿地、化石燃料、家畜、永久凍土などが発生源となる。
上昇流,一般知識,5,上昇流は、空気が上向きに移動する流れである。上昇する空気は膨張して冷却され、飽和すれば雲や降水を生じる。
成層圏界面,一般知識,5,成層圏界面は成層圏と中間圏の境界で、気温が極大となる付近にある。オゾンによる加熱が成層圏の温度構造をつくる。
気圧傾度力,一般知識,5,気圧傾度力は、気圧差によって高圧側から低圧側へ働く力である。等圧線の間隔が狭いほど一般に大きい。
氷晶,一般知識,5,氷晶は、雲内に存在する微小な氷の結晶である。水滴との飽和水蒸気圧の差を利用して昇華成長する。
温位,一般知識,5,温位は、空気塊を乾燥断熱的に1000hPaまで移したときの温度である。乾燥断熱変化では保存され、鉛直安定度の判定にも使う。
湿潤断熱減率,一般知識,5,湿潤断熱減率は、飽和空気塊が上昇するときの気温低下率である。凝結熱が放出されるため乾燥断熱減率より小さく、温度や気圧で変わる。
警報,一般知識,5,警報は、重大な災害が起こるおそれがある場合に気象庁が発表する情報である。種類、発表区域、通知経路が法令で定められる。
長波放射,一般知識,5,長波放射は、主に地表面や大気が放出する赤外域の放射である。水蒸気や二酸化炭素などに吸収・再放射される。
高潮,一般知識,5,高潮は、台風や低気圧による吸い上げと強風による吹き寄せで潮位が高くなる現象である。満潮と重なると浸水被害が大きくなりやすい。
コリオリ力,一般知識,4,コリオリ力は、地球の自転する座標系で運動する物体に見かけ上働く力である。北半球では運動方向の右向き、南半球では左向きに働く。
中間圏,一般知識,4,中間圏は成層圏界面から中間圏界面までの層で、気温は高度とともに低下する。中間圏界面付近は大気中で最も低温となる。
地域防災計画,一般知識,4,地域防災計画は、地方公共団体の防災会議が地域の実情に応じて作成する計画である。災害予防、応急対策、復旧などを定める。
地球温暖化,一般知識,4,地球温暖化は、世界平均気温が長期的に上昇する現象である。近年は人為起源の温室効果気体増加が主要因となっている。
成層圏突然昇温,一般知識,4,成層圏突然昇温は、冬季の極域成層圏で短期間に著しく昇温し、西風が弱化または逆転する現象である。プラネタリー波の作用と下降流の断熱昇温が重要である。
放射平衡,一般知識,4,放射平衡は、吸収する放射エネルギーと放出する放射エネルギーが釣り合う状態である。地球の有効放射温度の計算に用いる。
散乱,一般知識,4,散乱は、電磁波が粒子や密度の揺らぎによって進行方向を変える現象である。衛星、レーダー、放射収支の各分野で現れる。
気圧の谷,一般知識,4,気圧の谷は、周囲より気圧または等圧面高度が低い領域が細長く延びた部分である。上空の谷の前面では上昇流や地上低気圧の発達が起こりやすい。
気象測器,一般知識,4,気象測器は、気圧、気温、湿度、風、降水量などを測る器具である。公共的な観測などに使用する測器には検定が必要な場合がある。
気象観測,一般知識,4,気象観測は、自然科学的方法によって大気の諸現象を観察・測定することである。一定の観測には届出や技術上の基準が適用される。
水溶性エーロゾル,一般知識,4,水溶性エーロゾルは、水に溶けやすい大気中の微粒子である。溶質効果により純水滴より低い湿度でも雲粒を形成しやすい。
波浪,一般知識,4,波浪は、海面に生じる波の総称で、主に風によって発生・発達する。高波による災害のおそれがあると波浪警報などが発表される。
津波,一般知識,4,津波は、海底の急激な変動などによって生じる長周期の波である。気象業務法や水防法では予報、警報、通知の対象として扱われる。
温帯低気圧,一般知識,4,温帯低気圧は、中緯度の水平温度傾度をエネルギー源として発達する低気圧である。温暖前線や寒冷前線を伴う。
温度計,一般知識,4,温度計は、気温などの温度を測定する測器である。地上観測では日射や地面の影響を避け、通風条件を整える。
潜熱,一般知識,4,潜熱は、相変化の際に温度変化を伴わず出入りする熱である。水蒸気の凝結では放出され、蒸発では吸収される。
熱輸送,一般知識,4,熱輸送は、風や渦などによって熱エネルギーが別の場所へ運ばれることをいう。顕熱輸送と水蒸気に伴う潜熱輸送に分けて考える。
特別警報,一般知識,4,特別警報は、重大な災害の危険が著しく高まっている場合に発表される。警報との基準や通知義務の違いが問われる。
空気塊,一般知識,4,空気塊は、周囲との混合を無視して一まとまりとして扱う仮想的な空気である。上昇・下降時の断熱変化や安定度の判定に用いる。
過飽和度,一般知識,4,過飽和度は、実際の水蒸気圧が飽和水蒸気圧をどれだけ上回るかを表す量である。雲粒や氷晶の成長速度に影響する。
エルニーニョ現象,一般知識,3,エルニーニョ現象は、太平洋赤道域中部から東部の海面水温が平年より高い状態が続く現象である。ウォーカー循環や世界各地の天候へ影響する。
下降流域,一般知識,3,下降流域は、鉛直流が下向きとなっている領域である。晴天域や高気圧、積乱雲内の冷気外出流などと結び付くことがある。
中間圏界面,一般知識,3,中間圏界面は中間圏と熱圏の境界で、高度約80km付近にある。気温はこの付近で極小となる。
乾燥空気,一般知識,3,乾燥空気は、水蒸気を除いた空気である。主成分は窒素と酸素で、高度約80kmまでは混合比がほぼ一定である。
予報業務許可事業者,一般知識,3,予報業務許可事業者は、気象庁長官の許可を受けて予報業務を行う者である。業務内容に応じて気象予報士の配置や記録保存が必要となる。
収束,一般知識,3,収束は、水平風によって空気が周囲から集まる状態である。質量保存により、下層の収束域では上昇流が生じやすい。
地衡風平衡,一般知識,3,地衡風平衡は、水平気圧傾度力とコリオリ力が釣り合った状態である。摩擦や曲率の影響が小さい自由大気でよい近似となる。
大気境界層,一般知識,3,大気境界層は、地表面の摩擦や加熱・冷却の影響を直接受ける大気下層である。日中と夜間で厚さや成層が大きく変化する。
持ち上げ凝結高度,一般知識,3,持ち上げ凝結高度は、未飽和空気塊を持ち上げたとき飽和に達する高度である。対流雲の雲底高度の目安となる。
放射収支,一般知識,3,放射収支は、ある面に入る放射量と出る放射量の差である。大気上端や地表面の加熱・冷却を評価する。
断熱圧縮,一般知識,3,断熱圧縮は、外部との熱交換なしに気体が圧縮される変化である。下降する空気塊は気圧上昇に伴って圧縮され、気温が上がる。
断熱膨張,一般知識,3,断熱膨張は、外部との熱交換なしに気体が膨張する変化である。上昇する空気塊は気圧低下に伴って膨張し、気温が下がる。
昇華,一般知識,3,昇華は、固体と気体の間で液体を経ずに起こる相変化である。氷晶の成長では水蒸気が氷面へ直接付着する。
気温減率,一般知識,3,気温減率は、高度の増加に対する周囲の気温低下率である。乾燥断熱減率や湿潤断熱減率との比較から大気の安定度を判断する。
氷晶核,一般知識,3,氷晶核は、過冷却雲内で氷晶の生成を助ける粒子である。雲凝結核より数が少なく、作用する温度や生成様式が異なる。
洪水,一般知識,3,洪水は、河川の水位や流量が著しく増加し、氾濫などのおそれが生じる現象である。気象警報、洪水予報、水防活動の対象となる。
海面水温,一般知識,3,海面水温は、海洋表面付近の水温である。熱帯低気圧の発達、海霧、季節予報、海洋と大気の相互作用に関係する。
渦度,一般知識,3,渦度は、流体の局所的な回転の強さを表す量である。天気図では低気圧性・高気圧性の回転や上昇流との関係を考える。
温室効果気体,一般知識,3,温室効果気体は、地球放射を吸収・放出する気体である。水蒸気、二酸化炭素、メタン、フロン類などが含まれる。
温度傾度,一般知識,3,温度傾度は、距離に対する温度の変化率である。水平温度傾度は温度風や前線帯の強さ、傾圧性を表す。
温度風,一般知識,3,温度風は、二つの気圧面における地衡風の差を表すベクトルである。北半球では温度風の右側が暖気側となる。
潜熱輸送,一般知識,3,潜熱輸送は、水蒸気が保持する潜熱の輸送である。水蒸気が移動先で凝結すると潜熱が放出される。
災害対策本部,一般知識,3,災害対策本部は、災害時に応急対策を総合的に進めるため国や地方公共団体が設置する組織である。設置主体や要件は災害の規模と法令で異なる。
登録検定機関,一般知識,3,登録検定機関は、気象測器の検定業務を行うため気象庁長官の登録を受けた機関である。登録要件や検定業務の実施方法が定められている。
相当温位,一般知識,3,相当温位は、空気塊中の水蒸気をすべて凝結させた後、乾燥断熱的に1000hPaへ移したときの温度である。暖湿気の指標として用いられる。
等圧面,一般知識,3,等圧面は、気圧が同じ地点を結んでできる三次元の面である。高層天気図では、その面の高度や気温、風などを表示する。
等高度線,一般知識,3,等高度線は、等圧面上でジオポテンシャル高度が等しい地点を結んだ線である。その間隔や曲率から上空の気圧傾度や流れを読む。
鉛直流,一般知識,3,鉛直流は、空気の上昇または下降という鉛直方向の運動である。雲や降水の形成、断熱昇温・冷却を左右する。
雨量計,一般知識,3,雨量計は、地上に到達した降水量を測る測器である。風による捕捉損失や固体降水の測定条件に注意する。
雪結晶,一般知識,3,雪結晶は、雲内で水蒸気が氷晶へ昇華して成長した結晶である。形状は主に気温と氷に対する過飽和度で変化する。
雲粒,一般知識,3,雲粒は、雲を構成する微小な水滴である。衝突・併合や氷粒子による捕捉を経て降水粒子へ成長する。
露点温度,一般知識,3,露点温度は、水蒸気量を変えずに空気を冷却したとき飽和に達する温度である。気温との差が小さいほど飽和に近い。
顕熱輸送,一般知識,3,顕熱輸送は、空気の温度差に伴って運ばれる熱の輸送である。中緯度では温帯低気圧などの擾乱が極向き輸送を担う。
飽和混合比,一般知識,3,飽和混合比は、空気が飽和したときの水蒸気混合比である。温度が高いほど大きく、同じ温度では気圧が低いほど大きい。
あられ,一般知識,2,あられは、雪結晶や氷晶が過冷却雲粒を付着させて成長した白色不透明な氷粒である。積乱雲など対流の強い雲から降ることが多い。
アルゴン,一般知識,2,アルゴンは乾燥空気で窒素、酸素に次いで多い希ガスである。体積比は約0.93%で、二酸化炭素より多い。
ウォーカー循環,一般知識,2,ウォーカー循環は、赤道太平洋を中心とする東西方向の大気循環である。エルニーニョ時には通常より弱まる。
ガストフロント,一般知識,2,ガストフロントは、積乱雲からの冷たい下降気流が地表面へ広がる先端部である。通過時に風向・風速の急変や気温低下が起こる。
スペクトル,一般知識,2,スペクトルは、放射エネルギーや信号を波長または周波数ごとに表した分布である。放射源の温度や吸収気体の性質を読み取れる。
フロン,一般知識,2,フロンは、炭素、フッ素、塩素などからなる人工化合物の総称である。一部は成層圏オゾンを破壊し、強い温室効果ももつ。
一般風,一般知識,2,一般風は、局地的な地形や熱的循環より広い場を代表する風である。海陸風や山谷風を考えるとき、その背景風として扱う。
中央防災会議,一般知識,2,中央防災会議は、国の防災政策の重要事項を審議し、防災基本計画を作成する機関である。災害や対策の実績を踏まえて計画を検討する。
仮温度,一般知識,2,仮温度は、湿潤空気と同じ密度をもつ乾燥空気の温度である。同じ気圧と気温なら、水蒸気を多く含む空気ほど仮温度が高い。
体積比,一般知識,2,体積比は、混合気体の全体積に対して各成分が占める体積の割合である。乾燥空気の窒素、酸素、アルゴンなどの組成表示に用いる。
偏西風,一般知識,2,偏西風は、中緯度で西から東へ卓越する風である。上空ではジェット気流を伴い、温帯低気圧やプラネタリー波の移動に関係する。
傾圧不安定波,一般知識,2,傾圧不安定波は、水平温度傾度をもつ中緯度偏西風帯で発達する波動である。温帯低気圧の発達と南北熱輸送を担う。
傾度風平衡,一般知識,2,傾度風平衡は、曲線運動する空気に働く気圧傾度力、コリオリ力、遠心力が釣り合う状態である。台風など曲率の大きい流れの理解に用いる。
凍結,一般知識,2,凍結は、液体の水が固体の氷へ変化する相変化である。純水滴は0℃未満でも過冷却状態を保つことがある。
可視光線,一般知識,2,可視光線は、人の目で見える波長域の電磁波である。太陽放射のエネルギーの大きな部分を占める。
台風,一般知識,2,台風は、北西太平洋または南シナ海に存在し、最大風速が所定の基準以上となった熱帯低気圧である。進路、強度、暴風域などの情報が発表される。
地象,一般知識,2,地象は、気象業務法上、地震および火山現象ならびに気象に密接に関連する地面・地中の諸現象をいう。一般語より法令上の範囲に注意する。
地震動,一般知識,2,地震動は、地震によって地面が揺れる現象である。気象業務法上の地象に含まれ、一般向けの予報・警報の対象規定で区別される。
大気の状態方程式,一般知識,2,大気の状態方程式は、気圧、密度、温度を結ぶ関係である。湿潤空気では仮温度を用いると乾燥空気と同じ形で扱える。
定圧比熱,一般知識,2,定圧比熱は、圧力を一定に保ったまま単位質量の物質を1K昇温するのに必要な熱量である。大気の熱力学式や乾燥断熱減率に現れる。
寒気移流,一般知識,2,寒気移流は、風によって低温の空気が流入し、ある地点の気温を下げる向きに働く輸送である。風向と等温線の交差から判断できる。
接地境界層,一般知識,2,接地境界層は、大気境界層の最下部で地表面フラックスが大きく変化しない層である。風速、気温、水蒸気量には大きな鉛直勾配が生じる。
摩擦力,一般知識,2,摩擦力は、地表面や流体内部の摩擦によって空気の運動を妨げる力である。地表付近では風を弱め、風向を等圧線に交差させる。
放射平衡温度,一般知識,2,放射平衡温度は、吸収する太陽放射と放出する長波放射が釣り合うと仮定した温度である。太陽定数、アルベド、放射法則から求める。
暖かい雨,一般知識,2,暖かい雨は、氷相を経ずに雲粒の衝突・併合で雨滴が成長する降水過程である。主に0℃以上の雲、特に海洋性の雲で働きやすい。
条件付き不安定,一般知識,2,条件付き不安定は、未飽和空気塊には安定だが、飽和空気塊には不安定となる成層である。環境の気温減率が湿潤断熱減率と乾燥断熱減率の間にある。
極渦,一般知識,2,極渦は、冬半球の極域上空に形成される大規模な低気圧性循環である。成層圏突然昇温では変形、分裂、弱化することがある。
欠格事由,一般知識,2,欠格事由は、法律上の許可や登録を受けられない条件である。気象予報士の登録や予報業務の許可では、該当の有無と経過期間が問われる。
気体定数,一般知識,2,気体定数は、気体の状態方程式に現れる比例定数である。乾燥空気、水蒸気、湿潤空気では用いる値や表し方が異なる。
気候変動,一般知識,2,気候変動は、気温や降水などの気候状態が長期的に変化することである。自然要因と人為起源の要因の両方が関係する。
気圧計,一般知識,2,気圧計は、大気の圧力を測定する測器である。観測値は海面更正などの処理を経て天気図に利用される。
気柱,一般知識,2,気柱は、ある面積の上に鉛直に存在する柱状の大気である。地上気圧は、その上にある気柱の単位面積当たりの重量に対応する。
気象測器の検定,一般知識,2,気象測器の検定は、測器の構造や器差が基準に適合するかを確認する制度である。対象測器、有効期間、登録検定機関が問われる。
永久凍土,一般知識,2,永久凍土は、少なくとも2年以上連続して0℃以下にある地盤である。温暖化で融解すると、メタンや二酸化炭素の放出が増える可能性がある。
海陸風,一般知識,2,海陸風は、陸と海の加熱・冷却速度の差によって生じる局地循環である。日中は海風、夜間は陸風が卓越する。
海面気圧,一般知識,2,海面気圧は、観測地点の気圧を平均海面の高さへ更正した値である。標高の異なる地点どうしの気圧分布を比較するために用いる。
海風,一般知識,2,海風は、日中に比較的冷たい海上から暖められた陸上へ吹く風である。先端の海風前線では収束や対流が強まることがある。
湿球温度,一般知識,2,湿球温度は、湿球からの蒸発による冷却を反映した温度である。通常は気温以下、露点温度以上となり、飽和時には三者が一致する。
短波放射,一般知識,2,短波放射は、主に太陽起源の比較的短い波長の放射である。大気や地表で吸収、散乱、反射される。
落下速度,一般知識,2,落下速度は、雲粒や降水粒子が空気中を落下する速さである。粒子の大きさ、形、密度と空気抵抗によって決まる。
観測施設,一般知識,2,観測施設は、気象観測を行うために設置された測器や付帯設備である。目的や観測成果の発表方法により、届出や技術基準の適用が異なる。
遠心力,一般知識,2,遠心力は、曲線運動を回転座標系で扱うとき外向きに現れる見かけの力である。傾度風平衡では気圧傾度力やコリオリ力との釣り合いに含まれる。
防災基本計画,一般知識,2,防災基本計画は、中央防災会議が作成する国の防災に関する基本的な計画である。地域防災計画や防災業務計画の基礎となる。
雨滴,一般知識,2,雨滴は、雲粒より大きく、落下して地上へ達する液体の降水粒子である。大きくなるほど落下速度が増すが、一定以上では変形や分裂が起こる。
雪片,一般知識,2,雪片は、複数の雪結晶が付着・集合した降水粒子である。融解途中ではレーダー反射が強くなることがある。
電離層,一般知識,2,電離層は太陽放射によって大気分子が電離している上層大気の領域である。気象業務法上の「気象」の対象からは除かれる。
風速計,一般知識,2,風速計は、空気の流れの速さを測る測器である。風車型や超音波式などがあり、設置高度や周囲の障害物が観測値に影響する。
アーク雲,一般知識,1,アーク雲は、積乱雲から広がる冷気外出流の先端付近にできる弧状の雲である。ガストフロントの通過や突風の目印となる。
オゾンホール,一般知識,1,オゾンホールは、南極上空で春季に成層圏オゾンが著しく減少する現象である。極域成層圏雲と塩素化合物による反応が深く関係する。
ジェット気流,一般知識,1,ジェット気流は、対流圏上部付近にある強い西風の帯である。寒帯前線ジェットと亜熱帯ジェットが代表的である。
スーパーセル,一般知識,1,スーパーセルは、長時間持続する回転性上昇流をもつ組織化された積乱雲である。大きなひょう、竜巻、激しい突風を伴うことがある。
ダウンバースト,一般知識,1,ダウンバーストは、積乱雲からの強い下降気流が地面へ衝突して放射状に広がる突風である。被害域の風向分布は発散的になりやすい。
ハロカーボン,一般知識,1,ハロカーボンは、炭素とハロゲン元素を含む化合物の総称である。フロン類を含み、オゾン層破壊や温室効果に関与するものがある。
フェレル循環,一般知識,1,フェレル循環は、中緯度で見られる間接循環である。温帯低気圧などの擾乱による熱・運動量輸送の平均として維持される。
フックエコー,一般知識,1,フックエコーは、スーパーセルのレーダー反射強度分布に現れる鉤状のエコーである。メソサイクロンや竜巻発生と関連することがある。
ブロッキング,一般知識,1,ブロッキングは、偏西風の大きな蛇行が長期間維持され、移動性高低気圧の進行を妨げる現象である。高温、低温、少雨、多雨の持続要因となる。
プランクの法則,一般知識,1,プランクの法則は、黒体放射のエネルギーの波長分布を表す法則である。物体の温度が高いほど放射強度が増し、ピーク波長は短くなる。
マルチセル,一般知識,1,マルチセルは、発達段階の異なる複数の対流セルから構成される積乱雲群である。新しいセルが次々に形成されることで活動が持続する。
メソ対流系,一般知識,1,メソ対流系は、複数の積乱雲が組織化したメソスケールの対流システムである。鉛直シアーや冷気外出流が維持と世代交代に関係する。
レーダー反射強度,一般知識,1,レーダー反射強度は、降水粒子などから戻る電波の強さを表す観測量である。粒子の大きさ、数、相によって変化する。
上層雲,一般知識,1,上層雲は、対流圏の高い高度に雲底をもつ雲の総称である。巻雲、巻層雲、巻積雲が含まれ、氷晶を主成分とすることが多い。
上昇流域,一般知識,1,上昇流域は、鉛直流が上向きとなっている領域である。雲・降水域や発達中の低気圧、対流活動との対応を確認する。
下層雲,一般知識,1,下層雲は、低い高度に雲底をもつ雲の総称である。層雲、層積雲などが含まれ、地表付近の天気に直結しやすい。
亜熱帯ジェット気流,一般知識,1,亜熱帯ジェット気流は、ハドレー循環の極側上空に形成される強い西風帯である。一般に寒帯前線ジェットより高高度・低緯度側に位置する。
亜硫酸ガス,一般知識,1,亜硫酸ガスは、火山噴火などで大気中へ放出される二酸化硫黄である。成層圏で硫酸エーロゾルへ変化すると太陽放射を散乱し、地表を冷却し得る。
傾度風,一般知識,1,傾度風は、曲率をもつ流れで気圧傾度力、コリオリ力、遠心力が釣り合った風である。低気圧性と高気圧性の循環で地衡風との大小関係が異なる。
冷たい雨,一般知識,1,冷たい雨は、氷晶や雪などの氷相を経て成長する降水過程である。過冷却水滴と氷粒子の飽和水蒸気圧の差が成長を促す。
凝結熱,一般知識,1,凝結熱は、水蒸気が液体の水へ変化するときに放出される潜熱である。飽和空気塊の上昇時の冷却を弱め、対流の発達にも寄与する。
切離低気圧,一般知識,1,切離低気圧は、偏西風帯のトラフから切り離された上層低気圧である。動きが遅く、天候不順が長引くことがある。
吸収帯,一般知識,1,吸収帯は、気体などが特定の波長範囲の放射を強く吸収する領域である。温室効果気体ごとに吸収する波長帯が異なる。
国際標準大気,一般知識,1,国際標準大気は、気温や気圧などの高度分布を標準化した仮想大気である。航空機の高度計算や観測値の比較に用いられる。
地区防災計画,一般知識,1,地区防災計画は、市町村内の一定地区の居住者や事業者が共同で行う防災活動の計画である。住民等は市町村地域防災計画へ定めることを提案できる。
地球放射,一般知識,1,地球放射は、地表面や大気がその温度に応じて放出する長波放射である。温室効果や地球の放射収支を考える基礎となる。
外出流,一般知識,1,外出流は、積乱雲の下降流が地表へ達して水平方向に広がる冷たい空気の流れである。その先端にはガストフロントが形成される。
寒帯前線ジェット気流,一般知識,1,寒帯前線ジェット気流は、中高緯度の強い南北温度傾度に対応するジェット気流である。蛇行や強弱が温帯低気圧の発達に関係する。
対流混合層,一般知識,1,対流混合層は、日射で加熱された地表面からの対流によってよく混合された層である。日中に発達し、温位や風が鉛直にほぼ一様となる。
接地逆転層,一般知識,1,接地逆転層は、地表面付近で高度とともに気温が上昇する層である。晴れて風の弱い夜間の放射冷却で形成されやすい。
放射霧,一般知識,1,放射霧は、晴れて風の弱い夜間に地表面が放射冷却し、接地気層が冷却されて生じる霧である。内陸の低地などで発生しやすい。
暖気移流,一般知識,1,暖気移流は、風によって高温の空気が流入し、ある地点の気温を上げる向きに働く輸送である。温帯低気圧の前面などで上昇流と結び付くことが多い。
最大風速,一般知識,1,最大風速は、通常10分間平均風速の最大値である。台風の強さや暴風域の判定に用いられる。
有効位置エネルギー,一般知識,1,有効位置エネルギーは、大気の水平温度差に蓄えられ、運動エネルギーへ変換可能な位置エネルギーである。温帯低気圧の発達では減少しながら運動エネルギーへ変換される。
比湿,一般知識,1,比湿は、湿潤空気全体の質量に対する水蒸気の質量の比である。混合比とは分母の定義が異なる。
気塊,一般知識,1,気塊は、水平方向に広く、気温や湿度が比較的一様な空気の集まりである。形成地域の性質に応じて寒気・暖気、乾燥・湿潤などの特徴をもつ。
気象レーダー,一般知識,1,気象レーダーは、電波を送信し降水粒子などからの反射波を受信して降水を観測する装置である。反射強度から降水の分布や強さを推定する。
気象予報士名簿,一般知識,1,気象予報士名簿は、気象予報士として登録された者の氏名などを記載する名簿である。試験合格だけではなく、この名簿への登録によって気象予報士となる。
水平収束,一般知識,1,水平収束は、水平方向の風によって空気が一つの領域へ集まることをいう。下層の水平収束は上昇流や雲・降水の形成に結び付きやすい。
水象,一般知識,1,水象は、気象または地震に密接に関連する陸水・海洋の諸現象をいう。洪水、波浪、高潮、津波などとの法令上の扱いを確認する。
水防法,一般知識,1,水防法は、洪水、雨水出水、津波、高潮による水害を防止・軽減するための法律である。指定河川洪水予報や水防警報などを定める。
海氷,一般知識,1,海氷は、海水が凍結して海面を覆う氷である。面積の変化はアルベドや海洋と大気の熱交換に影響する。
消防法,一般知識,1,消防法は、火災の予防、警戒、鎮圧などを定める法律である。火災気象通報と市町村長が発する火災警報の関係が問われる。
滑昇霧,一般知識,1,滑昇霧は、湿った空気が斜面に沿って上昇し、断熱冷却されて生じる霧である。風上側の山地で発生しやすい。
火災気象通報,一般知識,1,火災気象通報は、火災の予防上危険な気象状況が予想されるとき、気象官署から都道府県知事へ行う通報である。市町村長の火災警報とは別の制度である。
熱力学第一法則,一般知識,1,熱力学第一法則は、加えられた熱量が内部エネルギーの変化と外部への仕事に分配されることを表す。断熱変化や乾燥断熱減率の導出に使われる。
熱帯低気圧,一般知識,1,熱帯低気圧は、暖かい海上で発達する暖気核をもつ低気圧である。前線を伴わず、積雲対流に伴う潜熱放出を主なエネルギー源とする。
理想気体,一般知識,1,理想気体は、分子の体積や分子間力を無視した気体モデルである。通常の大気は状態方程式を用いる範囲で理想気体に近似できる。
発散,一般知識,1,発散は、水平風によって空気が周囲へ広がる状態である。上層発散は下層からの空気流入と上昇流を支え、地上低気圧の発達に関係する。
相対渦度,一般知識,1,相対渦度は、地球に固定した座標系から見た空気の回転を表す。北半球では反時計回りを正とする。
移流霧,一般知識,1,移流霧は、暖湿な空気が冷たい地表面や海面上へ移流して冷却されることで生じる霧である。ある程度の風がある場合に形成されやすい。
突風,一般知識,1,突風は、短時間に急激に強まる風である。竜巻、ダウンバースト、ガストフロントなどが原因となる。
竜巻,一般知識,1,竜巻は、積乱雲などに伴って地表面から雲底まで伸びる強い鉛直渦である。被害域では収束性・回転性の風向分布が現れやすい。
等温位面,一般知識,1,等温位面は、温位が等しい地点を結んだ面である。断熱的な空気運動や成層の安定度を考える際に用いる。
絶対渦度,一般知識,1,絶対渦度は、相対渦度と惑星渦度の和である。摩擦などが小さい大規模運動では、その保存が流れの変化を説明する。
緊急安全確保措置,一般知識,1,緊急安全確保措置は、立退き避難がかえって危険な切迫状況で、命を守るために直ちに取る行動である。市町村長は必要な居住者等へ指示できる。
自由対流高度,一般知識,1,自由対流高度は、持ち上げられた空気塊が周囲より暖かくなり、正の浮力で自力上昇を始める高度である。持ち上げ凝結高度とは一致するとは限らない。
表面張力,一般知識,1,表面張力は、液体表面を小さくしようとする力である。小さな水滴ほど曲率の効果で平衡水蒸気圧が高くなり、凝結成長しにくい。
角運動量保存則,一般知識,1,角運動量保存則は、外力のトルクがなければ回転軸まわりの角運動量が保存される法則である。南北移動する空気塊の東西風速変化に用いる。
赤外放射,一般知識,1,赤外放射は、可視光より波長が長い電磁波領域の放射である。地球放射の主要部分を占め、温室効果気体に選択的に吸収される。
連続の式,一般知識,1,連続の式は、流体の質量保存を表す関係式である。水平収束と鉛直流、密度変化などの結び付きを示す。
適中率,一般知識,1,適中率は、予報と実況が一致した事例の割合である。発生頻度が偏る現象では、この指標だけで予報性能を判断しにくい。
鉛直シアー,一般知識,1,鉛直シアーは、風向または風速が高度とともに変化する度合いである。対流系の組織化や温度移流、乱気流の判断に重要である。
防災業務計画,一般知識,1,防災業務計画は、指定行政機関や指定公共機関が所掌事務について作成する防災計画である。地域防災計画とは作成主体が異なる。
陸風,一般知識,1,陸風は、夜間に冷えた陸上から相対的に暖かい海上へ吹く風である。一般に海風より弱く、循環も浅い。
雲凝結核,一般知識,1,雲凝結核は、水蒸気が凝結して雲粒を作る際の核となる粒子である。吸湿性粒子は比較的低い過飽和度でも雲粒を形成しやすい。
霧,一般知識,1,霧は、微小な水滴などが空気中に浮遊し、水平視程が1km未満となる現象である。地表に接した層雲ともみなせる。
風向風速計,一般知識,1,風向風速計は、風向と風速を測定する測器である。風車型ではプロペラと尾翼などを用いて両者を求める。
黒体放射,一般知識,1,黒体放射は、入射する放射をすべて吸収する理想的な物体が温度に応じて放出する放射である。放射量と波長分布は温度だけで決まる。
予報,専門知識,11,予報は、気象業務法では観測の成果に基づく現象の予想を発表することをいう。内部利用だけの予想と、不特定または多数への発表を区別する。
台風,専門知識,11,台風は、北西太平洋または南シナ海に存在し、最大風速が所定の基準以上となった熱帯低気圧である。進路、強度、暴風域などの情報が発表される。
気圧,専門知識,11,気圧は、大気が単位面積に及ぼす力である。高度が上がるほど上にある空気の質量が減るため、通常は低下する。
気温,専門知識,11,気温は大気の温度を表す気象要素である。観測では日射や地面の影響を避け、通風された環境で測定する。
気象,専門知識,11,気象業務法上の気象は、電離層を除く大気の諸現象をいう。気圧、気温、風、雲などが含まれる。
観測,専門知識,11,観測は、気象業務法では自然科学的方法による現象の観察および測定をいう。単なる目視だけでなく、測器による測定も含む。
降水,専門知識,11,降水は、雨、雪、あられ、ひょうなどが大気中から落下する現象またはその生成物である。液体と固体の両方を含む。
電波,専門知識,11,電波は、電磁波のうち通信やレーダー観測などに用いられる波長域である。気象観測では散乱、反射、屈折、減衰の性質を利用する。
メソモデル,専門知識,10,メソモデルは、日本周辺のメソスケール現象を対象とする高解像度の領域数値予報モデルである。降水や風の短時間予測に利用される。
数値予報,専門知識,10,数値予報は、大気の状態を表す方程式を計算機で時間積分して将来を予測する方法である。初期値、解像度、物理過程などが予測精度に影響する。
数値予報モデル,専門知識,10,数値予報モデルは、大気の運動や熱力学過程を格子上で計算する仕組みである。対象領域と格子間隔に応じて全球、メソ、局地モデルなどがある。
ウィンドプロファイラ,専門知識,9,ウィンドプロファイラは、上空へ電波を発射し、散乱波のドップラー偏移から風向・風速を測る装置である。降水粒子の影響や観測可能高度に注意する。
全球モデル,専門知識,9,全球モデルは、地球全体を計算対象とする数値予報モデルである。中期予報や領域モデルの境界値作成に利用される。
格子点,専門知識,9,格子点は、数値予報モデルで気温、風、気圧などの値を配置する計算点である。連続する実大気を有限個の値で表現する。
積乱雲,専門知識,9,積乱雲は、強い上昇流によって鉛直に発達する対流雲である。雷、短時間強雨、ひょう、突風などを伴う。
解析雨量,専門知識,9,解析雨量は、気象レーダーの面的観測を雨量計で補正して作成する降水量分布である。実況監視や防災指数の入力に利用される。
ドップラーレーダー,専門知識,8,ドップラーレーダーは、反射波の周波数変化から降水粒子の視線方向速度を測るレーダーである。風の収束や回転の検出に利用される。
パラメタリゼーション,専門知識,8,パラメタリゼーションは、格子より小さく直接計算できない物理過程を格子点の量から近似する方法である。積雲対流、乱流、放射などに用いる。
初期値,専門知識,8,初期値は、数値予報を開始する時刻の三次元的な大気状態である。観測と第一推定値をデータ同化して作成する。
気象レーダー,専門知識,8,気象レーダーは、電波を送信し降水粒子などからの反射波を受信して降水を観測する装置である。反射強度から降水の分布や強さを推定する。
洪水警報,専門知識,8,洪水警報は、河川の増水や氾濫による重大な洪水害のおそれがある場合に発表される。流域雨量指数などが基準に用いられる。
海面水温,専門知識,8,海面水温は、海洋表面付近の水温である。熱帯低気圧の発達、海霧、季節予報、海洋と大気の相互作用に関係する。
赤外画像,専門知識,8,赤外画像は、雲や地表面が放出する赤外放射を放射温度として表す衛星画像である。昼夜を問わず利用でき、雲頂温度の推定に用いる。
降水量,専門知識,8,降水量は、一定時間の降水を地表の水平面にたまった水の深さに換算した量である。雪などの固体降水は融かした水の深さで表す。
アンサンブル予報,専門知識,7,アンサンブル予報は、初期値やモデル条件を少しずつ変えた複数の予報を行う手法である。予測の幅や確率、不確実性を評価する。
中心気圧,専門知識,7,中心気圧は、低気圧や台風の中心付近で解析される気圧である。台風の強さの階級は中心気圧ではなく最大風速で決まる。
可視画像,専門知識,7,可視画像は、太陽光が雲や地表面で反射した強さを示す衛星画像である。昼間だけ利用でき、雲の厚さや表面の反射率が明るさに影響する。
地上気象観測,専門知識,7,地上気象観測は、地上の気圧、気温、湿度、風、降水、視程などを測る観測である。測器の設置条件や統計値の定義も重要となる。
寒冷前線,専門知識,7,寒冷前線は、寒気が暖気側へ進み、暖気を押し上げる前線である。比較的狭い範囲に対流雲や強い降水を伴うことがある。
対流圏,専門知識,7,対流圏は地表から対流圏界面までの大気層で、気温は平均的に高度とともに低下する。雲や降水など日常の気象現象の大部分が生じる。
対流圏界面,専門知識,7,対流圏界面は対流圏と成層圏の境界で、気温減率によって定義される。一般に低緯度ほど高く、気温も低い。
平年偏差,専門知識,7,平年偏差は、観測値や解析値から平年値を引いた差である。正負によって平年より高い・多い、または低い・少ないことを示す。
散乱,専門知識,7,散乱は、電磁波が粒子や密度の揺らぎによって進行方向を変える現象である。衛星、レーダー、放射収支の各分野で現れる。
格子間隔,専門知識,7,格子間隔は、隣り合う格子点の距離で、モデルの水平解像度の目安となる。間隔より十分小さい現象は直接表現できない。
アメダス,専門知識,6,アメダスは、降水量、気温、風向・風速、日照時間などを自動観測する地域気象観測システムである。観測要素は観測所によって異なる。
メンバー,専門知識,6,メンバーは、アンサンブル予報を構成する個々の予測である。各メンバーの分布から確率やスプレッドを求める。
上昇流,専門知識,6,上昇流は、空気が上向きに移動する流れである。上昇する空気は膨張して冷却され、飽和すれば雲や降水を生じる。
太平洋高気圧,専門知識,6,太平洋高気圧は、北太平洋に広がる亜熱帯高気圧である。日本の夏の天候に影響し、縁辺では暖湿気が流入しやすい。
局地モデル,専門知識,6,局地モデルは、メソモデルより狭い領域を細かな格子で計算する数値予報モデルである。局地的な降水や風の予測を目的とする。
水蒸気画像,専門知識,6,水蒸気画像は、主に対流圏中・上層の水蒸気からの放射を表す衛星画像である。明域と暗域から上・中層の湿潤域と乾燥域を把握する。
洪水,専門知識,6,洪水は、河川の水位や流量が著しく増加し、氾濫などのおそれが生じる現象である。気象警報、洪水予報、水防活動の対象となる。
海面気圧,専門知識,6,海面気圧は、観測地点の気圧を平均海面の高さへ更正した値である。標高の異なる地点どうしの気圧分布を比較するために用いる。
温帯低気圧,専門知識,6,温帯低気圧は、中緯度の水平温度傾度をエネルギー源として発達する低気圧である。温暖前線や寒冷前線を伴う。
積雪,専門知識,6,積雪は、雪やあられなどの固体降水が地面を半分以上覆っている状態である。積雪の深さは地面から雪面までの鉛直距離で測る。
積雲対流,専門知識,6,積雲対流は、浮力によって発達する積雲・積乱雲に伴う鉛直輸送である。粗い格子のモデルではパラメタリゼーションで表現される。
霧,専門知識,6,霧は、微小な水滴などが空気中に浮遊し、水平視程が1km未満となる現象である。地表に接した層雲ともみなせる。
エルニーニョ現象,専門知識,5,エルニーニョ現象は、太平洋赤道域中部から東部の海面水温が平年より高い状態が続く現象である。ウォーカー循環や世界各地の天候へ影響する。
オホーツク海高気圧,専門知識,5,オホーツク海高気圧は、暖候期にオホーツク海付近へ現れる高気圧である。日本の太平洋側へ冷湿な北東気流をもたらすことがある。
ジェット気流,専門知識,5,ジェット気流は、対流圏上部付近にある強い西風の帯である。寒帯前線ジェットと亜熱帯ジェットが代表的である。
スレットスコア,専門知識,5,スレットスコアは、予報または実況で現象があった事例のうち、予報と実況がともに発生だった割合である。現象なしの適中は計算に含めない。
上層雲,専門知識,5,上層雲は、対流圏の高い高度に雲底をもつ雲の総称である。巻雲、巻層雲、巻積雲が含まれ、氷晶を主成分とすることが多い。
下降流,専門知識,5,下降流は、空気が下向きに移動する流れである。下降する空気は圧縮されて昇温するが、降水粒子の蒸発や融解によって冷却される場合もある。
予測式,専門知識,5,予測式は、数値予報の説明変数から目的とする予報要素を算出する統計式である。係数は過去の予測値と実況値から求める。
前線,専門知識,5,前線は、性質の異なる気団の境界付近に形成される遷移帯である。気温、湿度、風、雲・降水の変化を伴う。
収束,専門知識,5,収束は、水平風によって空気が周囲から集まる状態である。質量保存により、下層の収束域では上昇流が生じやすい。
垂直偏波,専門知識,5,垂直偏波は、電界が鉛直方向に振動する電波である。二重偏波レーダーでは水平偏波と組み合わせて利用する。
大雨警報,専門知識,5,大雨警報は、大雨による重大な土砂災害または浸水害のおそれがある場合に発表される。土壌雨量指数や表面雨量指数などを基準に用いる。
天気予報ガイダンス,専門知識,5,天気予報ガイダンスは、数値予報値を統計的に補正し、気温や降水確率などの予報要素へ変換する資料である。系統誤差の軽減に役立つ。
強風軸,専門知識,5,強風軸は、周囲より風速の強い領域の中心線である。ジェット気流や上層雲の走向、温度傾度との対応を読む。
気温ガイダンス,専門知識,5,気温ガイダンスは、数値予報の出力を統計的に補正して地点の気温を予測する資料である。モデル地形や系統誤差の影響を軽減できる。
気象衛星画像,専門知識,5,気象衛星画像は、衛星から観測した放射を用いて雲や水蒸気、地表面の状態を広域に示す画像である。可視、赤外、水蒸気画像で見ている物理量が異なる。
水平偏波,専門知識,5,水平偏波は、電界が水平方向に振動する電波である。垂直偏波との反射特性の差から降水粒子の形状を推定する。
流域雨量指数,専門知識,5,流域雨量指数は、流域へ降った雨が河川へ集まり流下する過程を計算した指数である。洪水警報の基準や洪水キキクルに使われる。
温暖前線,専門知識,5,温暖前線は、暖気が寒気側へ進み、寒気の上を緩やかに滑昇する前線である。前面に層状雲と広い降水域が生じやすい。
突風,専門知識,5,突風は、短時間に急激に強まる風である。竜巻、ダウンバースト、ガストフロントなどが原因となる。
等圧面,専門知識,5,等圧面は、気圧が同じ地点を結んでできる三次元の面である。高層天気図では、その面の高度や気温、風などを表示する。
見逃し率,専門知識,5,見逃し率は、現象が発生したのに発生しないと予報した事例の割合である。分母の定義が全予報数か実況発生数かを問題文で確認する。
警報,専門知識,5,警報は、重大な災害が起こるおそれがある場合に気象庁が発表する情報である。種類、発表区域、通知経路が法令で定められる。
適中率,専門知識,5,適中率は、予報と実況が一致した事例の割合である。発生頻度が偏る現象では、この指標だけで予報性能を判断しにくい。
降水短時間予報,専門知識,5,降水短時間予報は、解析雨量と数値予報を組み合わせて数時間先までの降水分布を予測する。予報時間に応じて実況外挿とモデルの比重が変わる。
降雪,専門知識,5,降雪は、雪が降る現象または一定期間に新たに積もった雪をいう。降雪の深さと積雪の深さは異なる観測量である。
カルマンフィルタ,専門知識,4,カルマンフィルタは、予測と観測を誤差の大きさに応じて逐次更新する推定手法である。ガイダンスでは予測式の係数更新にも利用される。
メソアンサンブル予報,専門知識,4,メソアンサンブル予報は、メソモデルを基に複数の予測を実行するアンサンブル予報である。局地的な大雨などの発生可能性評価に利用する。
ラジオゾンデ,専門知識,4,ラジオゾンデは、気球で上昇しながら気圧、気温、湿度などを測る高層観測器である。位置情報の時間変化から上空の風も求める。
信頼度,専門知識,4,信頼度は、週間天気予報で予報の変わりにくさなどを段階で示す情報である。降水の有無の予報に対してA、B、Cで表される。
偏西風,専門知識,4,偏西風は、中緯度で西から東へ卓越する風である。上空ではジェット気流を伴い、温帯低気圧やプラネタリー波の移動に関係する。
冬日,専門知識,4,冬日は、日最低気温が0°C未満の日である。日最高気温が0°C未満の真冬日とは異なる。
反射波,専門知識,4,反射波は、送信した電波が降水粒子などで散乱され、レーダーへ戻った波である。強度と位相・周波数の情報を観測に用いる。
周波数,専門知識,4,周波数は、波が1秒間に振動する回数である。レーダーでは送信波と反射波の周波数差からドップラー速度を求める。
土壌雨量指数,専門知識,4,土壌雨量指数は、降った雨が土壌中にどの程度たまっているかをタンクモデルで表した指数である。大雨警報の土砂災害基準や土砂キキクルに使われる。
客観解析,専門知識,4,客観解析は、不規則に分布する観測値と第一推定値からモデル格子上の解析値を作る処理である。品質管理や観測誤差の考慮を伴う。
巻雲,専門知識,4,巻雲は、細い繊維状または羽毛状に見える上層雲で、主に氷晶からなる。ジェット気流や上層の湿潤域に沿って現れることがある。
指定河川洪水予報,専門知識,4,指定河川洪水予報は、国または都道府県と気象庁が共同で、指定河川の洪水のおそれを水位や流量とともに発表する予報である。一般の洪水警報とは対象と発表主体が異なる。
振幅,専門知識,4,振幅は、波の振動の大きさを表す量である。二重偏波レーダーでは水平偏波と垂直偏波の反射波の振幅比から粒子形状を推定する。
日最高気温,専門知識,4,日最高気温は、1日の気温の最高値である。夏日・真夏日・猛暑日の判定は、この値のしきい値で行う。
気塊,専門知識,4,気塊は、水平方向に広く、気温や湿度が比較的一様な空気の集まりである。形成地域の性質に応じて寒気・暖気、乾燥・湿潤などの特徴をもつ。
熱帯低気圧,専門知識,4,熱帯低気圧は、暖かい海上で発達する暖気核をもつ低気圧である。前線を伴わず、積雲対流に伴う潜熱放出を主なエネルギー源とする。
竜巻,専門知識,4,竜巻は、積乱雲などに伴って地表面から雲底まで伸びる強い鉛直渦である。被害域では収束性・回転性の風向分布が現れやすい。
融解層,専門知識,4,融解層は、落下する雪や氷粒子が融け始める0°C付近の層である。レーダーではブライトバンドとして現れることがある。
視程,専門知識,4,視程は、昼間に適切な目標を識別できる最大距離に相当する気象量である。霧、降水、煙霧などで低下する。
鉛直シアー,専門知識,4,鉛直シアーは、風向または風速が高度とともに変化する度合いである。対流系の組織化や温度移流、乱気流の判断に重要である。
雨滴,専門知識,4,雨滴は、雲粒より大きく、落下して地上へ達する液体の降水粒子である。大きくなるほど落下速度が増すが、一定以上では変形や分裂が起こる。
雨量計,専門知識,4,雨量計は、地上に到達した降水量を測る測器である。風による捕捉損失や固体降水の測定条件に注意する。
非静力学モデル,専門知識,4,非静力学モデルは、鉛直加速度を無視せずに計算する数値予報モデルである。積乱雲など鉛直運動の強い小規模現象の表現に適する。
高潮,専門知識,4,高潮は、台風や低気圧による吸い上げと強風による吹き寄せで潮位が高くなる現象である。満潮と重なると浸水被害が大きくなりやすい。
アンテナ,専門知識,3,アンテナは、電波を送信または受信する装置である。気象レーダーではビームを走査し、降水粒子からの反射波を受信する。
コリオリ力,専門知識,3,コリオリ力は、地球の自転する座標系で運動する物体に見かけ上働く力である。北半球では運動方向の右向き、南半球では左向きに働く。
トランスバースライン,専門知識,3,トランスバースラインは、ジェット気流にほぼ直交して並ぶ巻雲列である。強い鉛直シアーや上層の乱気流と関係する。
プリミティブ方程式,専門知識,3,プリミティブ方程式は、運動方程式、連続の式、熱力学方程式、状態方程式などからなる大気の基本方程式系である。数値予報モデルの基礎となる。
ラニーニャ現象,専門知識,3,ラニーニャ現象は、太平洋赤道域中部から東部の海面水温が平年より低い状態が続く現象である。熱帯の対流活動と大気循環を変化させる。
下層雲,専門知識,3,下層雲は、低い高度に雲底をもつ雲の総称である。層雲、層積雲などが含まれ、地表付近の天気に直結しやすい。
中層雲,専門知識,3,中層雲は、中層に雲底をもつ雲の総称である。高積雲と高層雲が含まれ、水滴と氷晶が混在することがある。
予測誤差,専門知識,3,予測誤差は、数値予報の予測値と実況または解析値との差である。一般に予測時間とともに増大し、気象場や初期値誤差にも依存する。
冬型の気圧配置,専門知識,3,冬型の気圧配置は、日本付近で西に高気圧、東に低気圧がある配置である。日本海側の雪や北西季節風、太平洋側の乾燥した晴天をもたらしやすい。
凝結,専門知識,3,凝結は、水蒸気が液体の水へ変化する相変化である。その際には潜熱が放出され、雲粒の生成や発達に関与する。
品質管理,専門知識,3,品質管理は、観測データの誤りや不自然な値を検出し、解析に使えるかを判定する処理である。第一推定値との比較や周辺観測との整合性確認などを行う。
境界値,専門知識,3,境界値は、領域モデルの側面や上端などで外部から与える大気状態である。通常はより広域のモデル予報から作られる。
大雨注意報,専門知識,3,大雨注意報は、大雨による土砂災害や浸水害のおそれがある場合に発表される。警報より低い段階だが、状況の悪化に注意が必要である。
寒帯前線ジェット気流,専門知識,3,寒帯前線ジェット気流は、中高緯度の強い南北温度傾度に対応するジェット気流である。蛇行や強弱が温帯低気圧の発達に関係する。
屈折率,専門知識,3,屈折率は、媒質中で電波や光の進行方向がどの程度曲がるかを表す量である。大気中の鉛直分布が異常伝搬の発生を左右する。
摂動,専門知識,3,摂動は、アンサンブル予報で初期値やモデルへ加える小さな変化である。予測誤差の成長と不確実性の範囲を表現する。
日照時間,専門知識,3,日照時間は、直達日射量が所定の基準以上となった時間の合計である。可照時間とは異なり、雲などの影響を受ける。
暗域,専門知識,3,暗域は、水蒸気画像で相対的に暗く見える領域で、主に上・中層の乾燥空気に対応する。トラフ後面の乾燥侵入などの解析に使う。
最大風速,専門知識,3,最大風速は、通常10分間平均風速の最大値である。台風の強さや暴風域の判定に用いられる。
格子スケール,専門知識,3,格子スケールは、数値予報モデルの格子で直接表現できる空間規模である。格子間隔より十分大きな現象ほど明瞭に表現できる。
梅雨前線,専門知識,3,梅雨前線は、初夏に日本付近へ停滞する前線である。暖湿気の流入や前線上の低気圧によって大雨が発生することがある。
極値,専門知識,3,極値は、一定の統計期間内で最大または最小となった観測値である。同じ値が複数回現れた場合の起日・起時の扱いに規則がある。
気圧の谷,専門知識,3,気圧の谷は、周囲より気圧または等圧面高度が低い領域が細長く延びた部分である。上空の谷の前面では上昇流や地上低気圧の発達が起こりやすい。
氷粒子,専門知識,3,氷粒子は、氷晶、雪結晶、雪片、あられなど固体の水からなる雲・降水粒子の総称である。昇華、雲粒捕捉、集合などで成長する。
減衰,専門知識,3,減衰は、電波が降水などを通過する間にエネルギーを失って弱くなることをいう。強い降水の背後ではレーダーエコーが実際より弱く観測されることがある。
温度計,専門知識,3,温度計は、気温などの温度を測定する測器である。地上観測では日射や地面の影響を避け、通風条件を整える。
物理過程,専門知識,3,物理過程は、放射、雲、降水、乱流、地表面交換などモデル内で扱う現象の総称である。格子で直接表現できない効果はパラメタリゼーションで与える。
異常伝搬,専門知識,3,異常伝搬は、大気の屈折率の鉛直分布によりレーダー電波が通常と異なる経路を進む現象である。地物などが非降水エコーとして映る原因になる。
発雷確率,専門知識,3,発雷確率は、一定期間・領域で雷が発生する確率を予測した値である。雷注意報や対流活動の可能性判断に利用される。
目的変数,専門知識,3,目的変数は、統計的な予測式で予測対象となる変数である。気温、降水確率、発雷確率などが該当する。
真冬日,専門知識,3,真冬日は、日最高気温が0℃未満の日である。日最低気温が0℃未満の冬日とは基準が異なる。
空振り率,専門知識,3,空振り率は、現象ありと予報したのに発生しなかった事例の割合である。問題によって分母の定義が異なる場合がある。
第一推定値,専門知識,3,第一推定値は、データ同化で観測を取り込む前のモデルによる推定場である。短時間予報などが利用され、背景場とも呼ばれる。
系統誤差,専門知識,3,系統誤差は、予測値が継続的に高めまたは低めになるなど一定の傾向をもつ誤差である。ガイダンスによる統計補正の対象となる。
蒸発,専門知識,3,蒸発は、液体の水が水蒸気へ変化する相変化である。周囲から潜熱を奪うため、雨滴や地表面の蒸発は空気を冷却する。
表面雨量指数,専門知識,3,表面雨量指数は、短時間強雨によって地表面にたまる水の危険度を表す指数である。大雨警報の浸水害基準や浸水キキクルに使われる。
解析値,専門知識,3,解析値は、観測データと数値予報の第一推定値を客観解析で組み合わせた大気状態である。次の数値予報の初期値として用いられる。
説明変数,専門知識,3,説明変数は、統計的な予測式で目的変数を説明・予測するために用いる入力変数である。数値予報値などが使われる。
週間天気予報,専門知識,3,週間天気予報は、発表日の翌日から7日先までを対象とする予報である。日別の天気、降水確率、最高・最低気温、信頼度などを示す。
鉛直流,専門知識,3,鉛直流は、空気の上昇または下降という鉛直方向の運動である。雲や降水の形成、断熱昇温・冷却を左右する。
雪片,専門知識,3,雪片は、複数の雪結晶が付着・集合した降水粒子である。融解途中ではレーダー反射が強くなることがある。
雲列,専門知識,3,雲列は、雲が線状または帯状に並んだパターンである。低層の風向、収束線、地形性波動などを推定する手掛かりとなる。
高層気象観測,専門知識,3,高層気象観測は、上空の気圧、気温、湿度、風などを測る観測である。ラジオゾンデ、ウィンドプロファイラなどが利用される。
4次元変分法,専門知識,2,4次元変分法は、一定時間内の観測とモデルを用いて初期値を最適化するデータ同化手法である。観測時刻の違いを考慮できる。
Ciストリーク,専門知識,2,Ciストリークは、衛星画像で強風軸に沿って延びる帯状の巻雲域である。上空のジェット気流の位置を推定する手掛かりとなる。
GPSゾンデ,専門知識,2,GPSゾンデは、GPSで得た位置と高度の情報を利用するラジオゾンデである。位置の時間変化から上空の風向・風速を求める。
にんじん状の雲,専門知識,2,にんじん状の雲は、衛星画像で先端が細く後方へ広がる形をした対流雲域である。発達した積乱雲群や激しい気象現象を伴うことがある。
スプレッド,専門知識,2,スプレッドは、アンサンブルメンバーの予測値のばらつきを表す。一般に大きいほど予測の不確実性が大きい。
タンクモデル,専門知識,2,タンクモデルは、流域を複数の貯留槽として表し、雨水の浸透や流出を計算する概念モデルである。土壌雨量指数や流域雨量指数の算出に用いる。
ダウンバースト,専門知識,2,ダウンバーストは、積乱雲からの強い下降気流が地面へ衝突して放射状に広がる突風である。被害域の風向分布は発散的になりやすい。
データ同化,専門知識,2,データ同化は、観測値とモデルの推定値を統計的・力学的に組み合わせて解析場を作る手法である。数値予報の初期値作成に用いる。
ドップラー速度,専門知識,2,ドップラー速度は、レーダーから見た降水粒子の視線方向速度である。レーダーに直交する風成分は直接測れない。
ニューラルネットワーク,専門知識,2,ニューラルネットワークは、多数の結合と非線形変換を用いて入力と出力の関係を学習する手法である。天気予報ガイダンスにも利用される。
バルジ,専門知識,2,バルジは、衛星画像で前線性雲域が極側へ膨らむ形状である。上空の発散や低気圧の発達に対応して現れることが多い。
ブライアスコア,専門知識,2,ブライアスコアは、確率予報値と実況値との差の二乗を平均した指標である。値が0に近いほど確率予報の精度が高い。
ブライトバンド,専門知識,2,ブライトバンドは、融解層で雪片が水膜に覆われ、レーダー反射が強くなる現象である。降水量を実際より大きく推定する原因になる。
ブロッキング,専門知識,2,ブロッキングは、偏西風の大きな蛇行が長期間維持され、移動性高低気圧の進行を妨げる現象である。高温、低温、少雨、多雨の持続要因となる。
メソサイクロン,専門知識,2,メソサイクロンは、発達した積乱雲内に形成される数km規模の低気圧性回転である。ドップラーレーダーの接近・離反速度の対として検出される。
メソ解析,専門知識,2,メソ解析は、日本周辺を対象に高解像度で大気の解析場を作る処理である。レーダーや解析雨量などメソスケール現象に有効な観測も同化する。
ユーラシアパターン,専門知識,2,ユーラシアパターンは、ユーラシア大陸上に現れる大規模な気圧偏差の波列パターンである。冬季の寒気や気温、降雪の変動に関係する。
レーダーエコー,専門知識,2,レーダーエコーは、送信電波が降水粒子などで散乱されて戻った受信信号である。強度は粒径、粒子数、相などに依存する。
下降流域,専門知識,2,下降流域は、鉛直流が下向きとなっている領域である。晴天域や高気圧、積乱雲内の冷気外出流などと結び付くことがある。
予報円,専門知識,2,予報円は、予報時刻に台風の中心が入ると予想される範囲を円で示したものである。円の大きさは台風の大きさではなく進路予報の不確実性を表す。
予測範囲,専門知識,2,予測範囲は、週間天気予報の気温予報などで、実況値が一定の確率で入ると見込まれる幅である。一つの予報値だけでは表せない不確実性を示す。
二重偏波気象レーダー,専門知識,2,二重偏波気象レーダーは、水平偏波と垂直偏波を用いて降水粒子の形状や種類に関する情報を得る。降水量推定や雨・雪の判別改善に役立つ。
亜熱帯ジェット気流,専門知識,2,亜熱帯ジェット気流は、ハドレー循環の極側上空に形成される強い西風帯である。一般に寒帯前線ジェットより高高度・低緯度側に位置する。
位相差,専門知識,2,位相差は、二つの波の振動位置のずれを角度で表した量である。二重偏波レーダーでは偏波間位相差の変化から降水強度を推定できる。
傾度風,専門知識,2,傾度風は、曲率をもつ流れで気圧傾度力、コリオリ力、遠心力が釣り合った風である。低気圧性と高気圧性の循環で地衡風との大小関係が異なる。
全球解析,専門知識,2,全球解析は、全球を対象に観測データと第一推定値から大気の解析場を作る処理である。全球モデルの初期値に用いられる。
分割表,専門知識,2,分割表は、現象の発生・非発生について予報と実況の組み合わせを整理した表である。適中率、捕捉率、空振り率などを計算する基礎となる。
分解能,専門知識,2,分解能は、観測やモデルが識別・表現できる空間または時間の細かさである。数値予報では格子間隔を小さくすると一般に水平分解能が高くなる。
土砂災害警戒情報,専門知識,2,土砂災害警戒情報は、大雨警報発表中に土砂災害の危険度がさらに高まった場合、都道府県と気象台が共同で発表する。市町村の避難判断を支援する。
壁雲,専門知識,2,壁雲は、強い積乱雲の雨のない上昇流域で雲底が局地的に低下した雲である。回転する壁雲は竜巻発生の手掛かりとなる。
外向き長波放射量,専門知識,2,外向き長波放射量は、大気上端から宇宙へ放出される長波放射量で、OLRと略す。熱帯では値が小さいほど雲頂の高い活発な対流を示すことが多い。
大気境界層,専門知識,2,大気境界層は、地表面の摩擦や加熱・冷却の影響を直接受ける大気下層である。日中と夜間で厚さや成層が大きく変化する。
寒冷低気圧,専門知識,2,寒冷低気圧は、対流圏中・上層に寒気を伴う低気圧で、寒冷渦とも呼ばれる。上空寒気により大気が不安定となりやすい。
層雲,専門知識,2,層雲は、低い高度に一様な層状で広がる雲である。地面に接すると霧となり、弱い霧雨を伴うことがある。
平年値,専門知識,2,平年値は、気温や降水量などについて連続する30年間の観測値を平均した値である。10年ごとに更新され、平年差や平年比の基準となる。
強風域,専門知識,2,強風域は、台風や低気圧の周辺で一定以上の強い風が吹いている、または予想される範囲である。暴風域とは風速基準が異なる。
捕捉率,専門知識,2,捕捉率は、実際に現象が発生した事例のうち、発生を予報できた割合である。見逃し率と補完的な関係にある。
数値予報プロダクト,専門知識,2,数値予報プロダクトは、数値予報モデルの計算結果を利用者向けに提供する資料である。格子点値は格子付近を代表する値であり、実地形との差にも注意する。
断熱膨張,専門知識,2,断熱膨張は、外部との熱交換なしに気体が膨張する変化である。上昇する空気塊は気圧低下に伴って膨張し、気温が下がる。
日本海寒帯気団収束帯,専門知識,2,日本海寒帯気団収束帯は、冬の日本海で寒気流が収束して形成される帯状の雲域である。JPCZとも呼ばれ、日本海側へ局地的な大雪をもたらす。
日本版改良藤田スケール,専門知識,2,日本版改良藤田スケールは、竜巻などの被害状況から風速を推定する日本向けの尺度である。JEF0からJEF5までの6階級で表す。
日照時間平年比,専門知識,2,日照時間平年比は、実際の日照時間を平年の日照時間で割り、百分率で表した値である。地域の多照・寡照を比較する。
早期注意情報,専門知識,2,早期注意情報は、警報級の現象が数日先までに発生する可能性を示す情報である。可能性を段階で示し、週間天気予報などと併用する。
暖かい雨,専門知識,2,暖かい雨は、氷相を経ずに雲粒の衝突・併合で雨滴が成長する降水過程である。主に0℃以上の雲、特に海洋性の雲で働きやすい。
気圧傾度力,専門知識,2,気圧傾度力は、気圧差によって高圧側から低圧側へ働く力である。等圧線の間隔が狭いほど一般に大きい。
波浪,専門知識,2,波浪は、海面に生じる波の総称で、主に風によって発生・発達する。高波による災害のおそれがあると波浪警報などが発表される。
洪水注意報,専門知識,2,洪水注意報は、大雨や融雪などにより河川の増水や氾濫のおそれがある場合に発表される。洪水警報より低い段階の防災情報である。
海陸風,専門知識,2,海陸風は、陸と海の加熱・冷却速度の差によって生じる局地循環である。日中は海風、夜間は陸風が卓越する。
温度傾度,専門知識,2,温度傾度は、距離に対する温度の変化率である。水平温度傾度は温度風や前線帯の強さ、傾圧性を表す。
湧昇,専門知識,2,湧昇は、海洋の深い層の水が表層へ上がる現象である。台風の強風や風応力によって起こると、冷水が表面へ上がり海面水温を下げる。
潜熱,専門知識,2,潜熱は、相変化の際に温度変化を伴わず出入りする熱である。水蒸気の凝結では放出され、蒸発では吸収される。
特別警報,専門知識,2,特別警報は、重大な災害の危険が著しく高まっている場合に発表される。警報との基準や通知義務の違いが問われる。
発散,専門知識,2,発散は、水平風によって空気が周囲へ広がる状態である。上層発散は下層からの空気流入と上昇流を支え、地上低気圧の発達に関係する。
発雷数,専門知識,2,発雷数は、一定期間・領域で観測された雷の発生数である。発雷確率予測の検証では、実況側の発生判定に用いる。
相対湿度,専門知識,2,相対湿度は、実際の水蒸気圧を同じ温度の飽和水蒸気圧で割った割合である。水蒸気量が同じでも気温が変われば値は変化する。
相当温位,専門知識,2,相当温位は、空気塊中の水蒸気をすべて凝結させた後、乾燥断熱的に1000hPaへ移したときの温度である。暖湿気の指標として用いられる。
真夏日,専門知識,2,真夏日は、日最高気温が30°C以上の日である。確率予報や予報検証の題材にも用いられる。
移流霧,専門知識,2,移流霧は、暖湿な空気が冷たい地表面や海面上へ移流して冷却されることで生じる霧である。ある程度の風がある場合に形成されやすい。
積雪深計,専門知識,2,積雪深計は、地面から雪面までの鉛直距離である積雪の深さを測る測器である。超音波式やレーザー式などがある。
等高度線,専門知識,2,等高度線は、等圧面上でジオポテンシャル高度が等しい地点を結んだ線である。その間隔や曲率から上空の気圧傾度や流れを読む。
解析積雪深,専門知識,2,解析積雪深は、積雪計の観測と数値予報などを組み合わせて面的な積雪深を解析した情報である。観測点のない場所も含む分布を示す。
記録的短時間大雨情報,専門知識,2,記録的短時間大雨情報は、数年に一度程度しか発生しないような短時間の大雨を観測・解析した場合に発表される。警戒すべき地域を具体的に示す。
進路予報,専門知識,2,進路予報は、台風中心の将来位置とその不確実性を示す予報である。予報円は台風の大きさではなく中心位置の確率範囲を表す。
長波放射,専門知識,2,長波放射は、主に地表面や大気が放出する赤外域の放射である。水蒸気や二酸化炭素などに吸収・再放射される。
防災気象情報,専門知識,2,防災気象情報は、気象災害の防止・軽減のために気象庁などが発表する情報の総称である。警報・注意報、危険度分布、各種情報を状況に応じて組み合わせる。
降水確率,専門知識,2,降水確率は、予報区内の一定期間に1mm以上の降水がある確率である。降水量の多さや降る時間の長さを表すものではない。
降水量ガイダンス,専門知識,2,降水量ガイダンスは、数値予報の説明変数から地点や領域の降水量を統計的に予測する資料である。モデルの系統誤差や格子表現を補正する。
降水量平年比,専門知識,2,降水量平年比は、実際の降水量を平年の降水量で割り、百分率で表した値である。100%より大きければ平年より多い。
集中豪雨,専門知識,2,集中豪雨は、限られた地域に短時間で大量の雨が降る現象である。組織化した積乱雲が同じ地域へ繰り返しかかると発生しやすい。
雷ナウキャスト,専門知識,2,雷ナウキャストは、雷の活動度と短時間先の可能性を格子ごとに示す情報である。雷監視システム、レーダー、数値予報などを利用する。
雷監視システム,専門知識,2,雷監視システムは、落雷などが放射する電磁波を複数地点で受信し、雷の位置や時刻を標定する観測システムである。雷ナウキャストの実況解析に用いられる。
霜,専門知識,2,霜は、地面や物体表面の温度が下がり、空気中の水蒸気が昇華して氷の結晶となったものである。地中の水分が凍って押し上げる霜柱とは異なる。
高潮警報,専門知識,2,高潮警報は、台風や低気圧による異常な潮位上昇で重大な災害のおそれがある場合に発表される。予想潮位と警報基準を比較して判断する。
高解像度降水ナウキャスト,専門知識,2,高解像度降水ナウキャストは、レーダーなどの実況から短時間先の降水を細かな格子で予測する情報である。急発達・急衰弱する雨雲の予測には限界がある。
2週間気温予報,専門知識,1,2週間気温予報は、2週間先までの気温の見通しを日別または期間別に示す予報である。週間天気予報より先の気温傾向を確率的に示す。
あられ,専門知識,1,あられは、雪結晶や氷晶が過冷却雲粒を付着させて成長した白色不透明な氷粒である。積乱雲など対流の強い雲から降ることが多い。
もや,専門知識,1,もやは、微小な水滴や湿った微粒子により水平視程が1km以上10km未満となる現象である。水平視程1km未満の霧と区別する。
やませ,専門知識,1,やませは、主に梅雨期から夏に東北地方の太平洋側へ吹く冷たく湿った東寄りの風である。低温や日照不足をもたらし、農作物へ影響することがある。
ろうと雲,専門知識,1,ろうと雲は、積乱雲底から漏斗状に垂れ下がる雲で、強い回転を伴う。地面に達して強い風を生じている場合は竜巻と判定される。
アウターバンド,専門知識,1,アウターバンドは、台風中心から離れた外側に形成される帯状の降雨域である。台風本体から離れた地域にも強雨をもたらすことがある。
インドモンスーン,専門知識,1,インドモンスーンは、インド周辺で季節により風向と降水が大きく変わるモンスーン循環である。夏季には海洋から暖湿気が流入して雨季をもたらす。
ウィンドシアー,専門知識,1,ウィンドシアーは、風向または風速が空間的に急変することである。積乱雲の組織化、航空機の運航、乱気流などに関係する。
エンゼルエコー,専門知識,1,エンゼルエコーは、晴天時に昆虫や鳥、大気の屈折率変動などから生じる非降水エコーである。降水粒子がなくても観測される。
エーロゾル,専門知識,1,エーロゾルは、大気中に浮遊する固体または液体の微粒子である。雲凝結核や氷晶核となるほか、放射の散乱・吸収にも関与する。
オゾン,専門知識,1,オゾンは主に成層圏で紫外線を吸収し、大気を加熱する。生成域と濃度の極大域は一致せず、輸送の影響も受ける。
キキクル,専門知識,1,キキクルは、土砂災害、浸水害、洪水害の危険度分布を地図上に色分けして示す情報である。災害種別ごとに使用する指数が異なる。
グランドクラッタ,専門知識,1,グランドクラッタは、地面や建物、山など固定物から生じるレーダーエコーである。降水エコーとの識別や除去が必要となる。
コントロールラン,専門知識,1,コントロールランは、アンサンブル予報で基準となる条件を用いた予測である。摂動を加えたメンバーとの比較に使われる。
シークラッタ,専門知識,1,シークラッタは、海面からの反射によって生じるレーダーエコーである。強風時の波立った海面などで現れやすい。
スペクトル法,専門知識,1,スペクトル法は、大気場をさまざまな波長の基底関数の重ね合わせで表現する計算方法である。全球モデルの水平離散化に用いられる。
スーパーセル,専門知識,1,スーパーセルは、長時間持続する回転性上昇流をもつ組織化された積乱雲である。大きなひょう、竜巻、激しい突風を伴うことがある。
ドップラーライダー,専門知識,1,ドップラーライダーは、レーザー光のドップラー偏移を利用して風を観測する装置である。エーロゾルなどからの散乱を利用し、降水がない場合にも観測できる。
ドップラー効果,専門知識,1,ドップラー効果は、波源と観測者の相対運動により観測周波数が変化する現象である。気象レーダーやウィンドプロファイラで対象の動径速度を求める。
ドライスロット,専門知識,1,ドライスロットは、発達する温帯低気圧へ中・上層の乾燥空気が入り込む領域である。水蒸気画像では暗域として明瞭に現れる。
ハドレー循環,専門知識,1,ハドレー循環は、熱帯の上昇、亜熱帯の下降、下層の貿易風からなる南北循環である。熱や角運動量の輸送に重要である。
バイアススコア,専門知識,1,バイアススコアは、現象ありと予報した回数を実際の発生回数で割った指標である。1より大きいと予報過多、1より小さいと予報過少を示す。
バックウォーター現象,専門知識,1,バックウォーター現象は、本川の水位上昇などによって支川の水が流れにくくなり、上流側の水位が上がる現象である。合流点付近の洪水危険度を高める。
プラネタリー波,専門知識,1,プラネタリー波は、地球規模の非常に長い波長をもつ大気の波動である。対流圏から成層圏へ伝播し、成層圏突然昇温にも関与する。
マイクロ波,専門知識,1,マイクロ波は、電波のうち波長が比較的短い領域である。気象レーダーや衛星の観測に利用される。
マルチセル,専門知識,1,マルチセルは、発達段階の異なる複数の対流セルから構成される積乱雲群である。新しいセルが次々に形成されることで活動が持続する。
モデル地形,専門知識,1,モデル地形は、数値予報モデルの格子に合わせて平滑化された地形である。実地形との差は地上気温、風、降水などの予測誤差要因となる。
モンスーン,専門知識,1,モンスーンは、季節によって広域の卓越風向が大きく変化する大気循環である。アジア域では降水と対流活動へ大きな影響を与える。
レーダー反射強度,専門知識,1,レーダー反射強度は、降水粒子などから戻る電波の強さを表す観測量である。粒子の大きさ、数、相によって変化する。
一般風,専門知識,1,一般風は、局地的な地形や熱的循環より広い場を代表する風である。海陸風や山谷風を考えるとき、その背景風として扱う。
乱層雲,専門知識,1,乱層雲は、広い範囲に連続的な雨や雪をもたらす厚い層状雲である。温暖前線や低気圧に伴う広域降水で見られる。
乾球温度,専門知識,1,乾球温度は、通常の温度計で測る空気の温度である。乾湿計では湿球温度との差から湿度を求める。
予想降水量,専門知識,1,予想降水量は、予報期間内に見込まれる降水量である。降水確率とは異なり、雨や雪がどれほどの量になるかを示す。
二乗平均平方根誤差,専門知識,1,二乗平均平方根誤差は、誤差を二乗して平均し平方根を取った指標で、RMSEとも表す。値が小さいほど予報値と実況値のずれが小さい。
亜熱帯高気圧,専門知識,1,亜熱帯高気圧は、亜熱帯域に形成される大規模な高気圧帯である。ハドレー循環の下降流域と関係する。
低気圧性循環,専門知識,1,低気圧性循環は、北半球では反時計回り、南半球では時計回りの循環である。低気圧やトラフに伴う風の回転を表す。
低温注意報,専門知識,1,低温注意報は、低温により農作物などに著しい被害が生じるおそれがある場合に発表される。発表基準は地域と季節で異なる。
偽エコー,専門知識,1,偽エコーは、実際の降水とは対応しないレーダーエコーである。地物、生物、異常伝搬、多重散乱などが原因となる。
全層なだれ,専門知識,1,全層なだれは、積雪層全体が地面との境界から滑り落ちるなだれである。融雪期や地面付近へ融雪水が入る時期に起こりやすい。
全雲量,専門知識,1,全雲量は、全天を雲が覆う割合を表す量である。雲形ごとの雲量ではなく、見かけ上の空全体の被覆率を観測する。
凍雨,専門知識,1,凍雨は、透明または半透明の氷の粒が降る現象である。過冷却雨滴が地物に付着して凍る着氷性の雨とは異なる。
前線帯,専門知識,1,前線帯は、水平温度傾度が大きく、性質の異なる気塊が接する帯状領域である。上空のジェット気流や温帯低気圧の発達と関係する。
動径速度,専門知識,1,動径速度は、レーダーから見た接近・遠ざかり方向の速度成分である。単一レーダーでは風の全ベクトルではなく、この成分を観測する。
北極振動,専門知識,1,北極振動は、北極域と中緯度の海面気圧が逆位相で変動する大気循環の変動である。正負の位相により中緯度への寒気流出の起こりやすさが変わる。
地ふぶき,専門知識,1,地ふぶきは、地面の雪が風で吹き上げられる現象である。降雪を伴わなくても発生する。
地形性巻雲,専門知識,1,地形性巻雲は、山岳の風下側で気流が波動を起こして形成される上層雲である。強風軸にほぼ平行な雲列として衛星画像に現れることがある。
塩害,専門知識,1,塩害は、海塩粒子や海水飛沫が植物、電線、設備などへ付着して生じる被害である。台風の強風で内陸へ運ばれ、降雨が少ないと洗い流されにくい。
境界条件,専門知識,1,境界条件は、数値予報の計算領域の端や地表面で与える物理量の条件である。領域モデルでは側面境界に全球モデルなどの予測値を用いる。
夏日,専門知識,1,夏日は、日最高気温が25°C以上の日である。真夏日、猛暑日とは基準温度が異なる。
多重散乱,専門知識,1,多重散乱は、電波が複数の物体で繰り返し散乱・反射される現象である。大型風車などの周辺で偽エコーを生じることがある。
大気の状態方程式,専門知識,1,大気の状態方程式は、気圧、密度、温度を結ぶ関係である。湿潤空気では仮温度を用いると乾燥空気と同じ形で扱える。
大気の窓,専門知識,1,大気の窓は、大気による長波放射の吸収が比較的弱い波長帯である。地表面からの放射が宇宙へ直接出やすく、赤外画像の観測にも使われる。
大気境界層過程,専門知識,1,大気境界層過程は、地表面付近の乱流混合や熱・水蒸気・運動量の交換を扱う物理過程である。数値予報ではパラメタリゼーションで表現する。
大気海洋結合モデル,専門知識,1,大気海洋結合モデルは、大気と海洋を相互作用させながら計算する数値モデルである。エルニーニョ予測や季節予報に利用される。
大雨特別警報,専門知識,1,大雨特別警報は、台風や集中豪雨により数十年に一度の大雨が予想され、重大な災害のおそれが著しく大きい場合に発表される。発表後は最大級の警戒が必要である。
大雪特別警報,専門知識,1,大雪特別警報は、数十年に一度の降雪量となる大雪が予想され、重大な災害のおそれが著しく大きい場合に発表される。通常の大雪警報より危険度が高い。
天文潮位,専門知識,1,天文潮位は、月や太陽の引力など天体運動から予測される潮位である。実際の潮位との差である潮位偏差を、高潮の評価に用いる。
季節予報,専門知識,1,季節予報は、1か月や3か月などの平均的な天候を平年との比較や確率で示す予報である。大気海洋結合モデルとアンサンブル予報が利用される。
寒候年,専門知識,1,寒候年は、降雪や積雪の統計で用いる前年8月から当年7月までの1年間である。暦年をまたぐ雪の季節を一続きとして扱う。
寒帯前線,専門知識,1,寒帯前線は、中緯度で寒帯気団と暖かい気団の境界に形成される大規模な前線帯である。寒帯前線ジェットや温帯低気圧と関係する。
対流不安定,専門知識,1,対流不安定は、層全体を持ち上げたとき下層ほど相当温位が高いため不安定化する状態である。下層の暖湿気と上層の乾燥空気の組み合わせで起こりやすい。
対流混合層,専門知識,1,対流混合層は、日射で加熱された地表面からの対流によってよく混合された層である。日中に発達し、温位や風が鉛直にほぼ一様となる。
層厚,専門知識,1,層厚は、二つの等圧面間の高度差である。層内の平均仮温度が高いほど層厚は大きくなる。
巻層雲,専門知識,1,巻層雲は、薄いベール状に空を覆う上層雲で、主に氷晶からなる。太陽や月の周囲に暈を生じることがある。
平均誤差,専門知識,1,平均誤差は、予報値から実況値を引いた誤差の平均で、MEとも表す。正負から予報の系統的な偏りを判断できる。
平均降水量ガイダンス,専門知識,1,平均降水量ガイダンスは、対象領域の平均的な降水量を統計的に予測するガイダンスである。カルマンフィルタを用いる場合、観測に応じて係数が逐次更新される。
府県予報区,専門知識,1,府県予報区は、天気予報や警報・注意報を発表する基本的な区域である。通常は都府県単位だが、北海道や一部の島しょでは区分が異なる。
強度予報,専門知識,1,強度予報は、台風の将来の中心気圧や最大風速などを予報するものである。進路予報とは示す内容が異なる。
推計気象分布,専門知識,1,推計気象分布は、観測や衛星などの資料から天気、気温、日照時間の面的分布を推定した情報である。観測所のない場所も含む格子形式で示される。
放射霧,専門知識,1,放射霧は、晴れて風の弱い夜間に地表面が放射冷却し、接地気層が冷却されて生じる霧である。内陸の低地などで発生しやすい。
断熱圧縮,専門知識,1,断熱圧縮は、外部との熱交換なしに気体が圧縮される変化である。下降する空気塊は気圧上昇に伴って圧縮され、気温が上がる。
日最低気温,専門知識,1,日最低気温は、1日の気温の最低値である。冬日は日最低気温、真冬日は日最高気温を基準に判定する。
早期天候情報,専門知識,1,早期天候情報は、かなり高い・低い気温や多雪となる可能性が高まったとき、早い段階で注意を呼びかける情報である。一定期間の平均気温や降雪量の確率予測に基づく。
昇華,専門知識,1,昇華は、固体と気体の間で液体を経ずに起こる相変化である。氷晶の成長では水蒸気が氷面へ直接付着する。
暴風域,専門知識,1,暴風域は、台風または発達する低気圧の周辺で平均風速25m/s以上の風が吹いている、または吹く可能性のある範囲である。強風域と基準が異なる。
暴風警戒域,専門知識,1,暴風警戒域は、台風の予報時間内に暴風域へ入るおそれのある範囲である。予報円と暴風域を基に示される。
最多雲量,専門知識,1,最多雲量は、観測した雲層のうち最も多い雲量を表す。全雲量と同じとは限らず、雲形別の観測で区別する。
最大瞬間風速,専門知識,1,最大瞬間風速は、瞬間風速の最大値である。10分間平均の最大風速とは平均時間が異なり、突風の強さを表しやすい。
有効位置エネルギー,専門知識,1,有効位置エネルギーは、大気の水平温度差に蓄えられ、運動エネルギーへ変換可能な位置エネルギーである。温帯低気圧の発達では減少しながら運動エネルギーへ変換される。
格子点法,専門知識,1,格子点法は、計算領域を格子に分け、各格子点の物理量を用いて方程式を離散化する方法である。数値予報モデルの水平計算手法の一つである。
極渦,専門知識,1,極渦は、冬半球の極域上空に形成される大規模な低気圧性循環である。成層圏突然昇温では変形、分裂、弱化することがある。
気圧計,専門知識,1,気圧計は、大気の圧力を測定する測器である。観測値は海面更正などの処理を経て天気図に利用される。
気象庁風力階級,専門知識,1,気象庁風力階級は、風速に応じて風力を段階で表す区分である。観測された風速と階級の対応を区別する。
気象観測,専門知識,1,気象観測は、自然科学的方法によって大気の諸現象を観察・測定することである。一定の観測には届出や技術上の基準が適用される。
水平収束,専門知識,1,水平収束は、水平方向の風によって空気が一つの領域へ集まることをいう。下層の水平収束は上昇流や雲・降水の形成に結び付きやすい。
水蒸気輸送,専門知識,1,水蒸気輸送は、風によって水蒸気が運ばれることをいう。下層の強い暖湿気流による輸送と収束は大雨の重要な条件となる。
流線関数,専門知識,1,流線関数は、非発散に近い水平風場を表すための量で、等値線に沿って風が流れる。上層の高気圧性・低気圧性循環の解析に用いる。
海霧,専門知識,1,海霧は、海上で発生する霧の総称である。暖湿気が冷たい海面上へ流入して冷却される移流霧が代表的である。
海風,専門知識,1,海風は、日中に比較的冷たい海上から暖められた陸上へ吹く風である。先端の海風前線では収束や対流が強まることがある。
混合比,専門知識,1,混合比は、乾燥空気の質量に対する水蒸気の質量の比である。凝結や蒸発がなければ空気塊の移動でほぼ保存される。
渦度,専門知識,1,渦度は、流体の局所的な回転の強さを表す量である。天気図では低気圧性・高気圧性の回転や上昇流との関係を考える。
湿度計,専門知識,1,湿度計は、相対湿度など空気の湿り具合を測定する測器である。電気式湿度計や乾湿計など方式ごとの特性がある。
湿球温度,専門知識,1,湿球温度は、湿球からの蒸発による冷却を反映した温度である。通常は気温以下、露点温度以上となり、飽和時には三者が一致する。
滑昇霧,専門知識,1,滑昇霧は、湿った空気が斜面に沿って上昇し、断熱冷却されて生じる霧である。風上側の山地で発生しやすい。
熱中症警戒アラート,専門知識,1,熱中症警戒アラートは、熱中症の危険性が極めて高くなると予測された場合に発表される情報である。暑さ指数を基準に用いる。
熱的低気圧,専門知識,1,熱的低気圧は、地表面付近の強い加熱によって空気密度が小さくなり形成される浅い低気圧である。夏季の内陸や大陸上に現れやすい。
発生確度1,専門知識,1,発生確度1は、竜巻発生確度ナウキャストで激しい突風の可能性を示す段階の一つである。発生確度2より可能性は低いが、周囲の空の変化に注意する。
発生確度2,専門知識,1,発生確度2は、竜巻発生確度ナウキャストで激しい突風の可能性が高い領域を示す段階である。的中率は低くても捕捉率を重視した情報である。
発達する熱帯低気圧に関する情報,専門知識,1,発達する熱帯低気圧に関する情報は、熱帯低気圧が24時間以内に台風となり日本へ影響するおそれがある場合などに発表される。台風になる前から進路や警戒事項を伝える。
眼の壁,専門知識,1,眼の壁は、台風の眼を囲む発達した積乱雲の環である。台風内で特に強い上昇流、降水、風を伴う。
着雪害,専門知識,1,着雪害は、湿った雪が電線、樹木、鉄道設備などへ付着して生じる被害である。気温が0°C付近で風を伴う降雪時に起こりやすい。
確率予報,専門知識,1,確率予報は、現象が発生する可能性を確率で示す予報である。適中・外れだけでなく、信頼度や分離度などを検証する。
空気塊,専門知識,1,空気塊は、周囲との混合を無視して一まとまりとして扱う仮想的な空気である。上昇・下降時の断熱変化や安定度の判定に用いる。
竜巻注意情報,専門知識,1,竜巻注意情報は、竜巻などの激しい突風が発生しやすい気象状況になったときに発表される情報である。竜巻発生確度ナウキャストと併せて行動判断に用いる。
竜巻発生確度ナウキャスト,専門知識,1,竜巻発生確度ナウキャストは、竜巻など激しい突風の発生可能性を短時間先まで示す情報である。格子ごとに発生確度を表す。
等相当温位線,専門知識,1,等相当温位線は、相当温位が等しい地点を結んだ線である。暖湿気の分布や前線帯、対流不安定な領域の把握に使う。
線状降水帯,専門知識,1,線状降水帯は、発達した積乱雲が列をなし、ほぼ同じ場所を通過・停滞して大雨をもたらす雨域である。長時間続く集中豪雨の原因となる。
落下速度,専門知識,1,落下速度は、雲粒や降水粒子が空気中を落下する速さである。粒子の大きさ、形、密度と空気抵抗によって決まる。
融解,専門知識,1,融解は、氷や雪が液体の水へ変化する相変化である。周囲から融解熱を吸収するため、融解層では空気の冷却が起こる。
融雪注意報,専門知識,1,融雪注意報は、積雪の融解による土砂災害や浸水などのおそれがある場合に発表される。気温上昇や降雨による融雪の進行に注意する。
衝突・併合,専門知識,1,衝突・併合は、落下速度の異なる雲粒や雨滴が衝突して一つになる成長過程である。暖かい雨の主要な降水粒子成長機構である。
表層なだれ,専門知識,1,表層なだれは、古い積雪面の上に積もった新雪など上部の層だけが滑り落ちるなだれである。降雪直後や吹きだまりで起こりやすい。
解析予報サイクル,専門知識,1,解析予報サイクルは、解析と予測を繰り返し、予測を次の解析の第一推定値に使う仕組みである。観測の少ない領域へも情報を伝える。
谷風,専門知識,1,谷風は、日中に加熱された山腹に沿って谷から山側へ吹く局地風である。夜間には反対向きの山風となる。
超音波式積雪計,専門知識,1,超音波式積雪計は、地面または雪面までの超音波の往復時間から積雪深を測る測器である。無雪時の基準距離との差を積雪深とする。
転移層,専門知識,1,転移層は、性質の異なる二つの気塊の間で気温や湿度などが連続的に変化する層である。地表との交線として解析する前線とは位置を区別する。
送信波,専門知識,1,送信波は、レーダーから目標へ向けて送られる電波である。反射波との強度差や周波数差から降水や風の情報を得る。
通風乾湿計,専門知識,1,通風乾湿計は、乾球温度と湿球温度を強制通風下で測り、湿度を求める測器である。アスマン通風乾湿計が代表的である。
通風筒,専門知識,1,通風筒は、温度計や湿度計を日射や降水から保護し、外気を通風させる覆いである。測器を風通しのよい日陰に設置して気温・湿度を測る。
連続の式,専門知識,1,連続の式は、流体の質量保存を表す関係式である。水平収束と鉛直流、密度変化などの結び付きを示す。
過飽和度,専門知識,1,過飽和度は、実際の水蒸気圧が飽和水蒸気圧をどれだけ上回るかを表す量である。雲粒や氷晶の成長速度に影響する。
遠心力,専門知識,1,遠心力は、曲線運動を回転座標系で扱うとき外向きに現れる見かけの力である。傾度風平衡では気圧傾度力やコリオリ力との釣り合いに含まれる。
避難指示,専門知識,1,避難指示は、災害のおそれが高い場合に市町村長が必要な地域の居住者などへ避難を求める情報である。警報や危険度分布と発令主体を区別する。
閉塞前線,専門知識,1,閉塞前線は、寒冷前線が温暖前線に追いつき、地上の暖域が低気圧中心から切り離された前線である。温帯低気圧の成熟・衰弱過程で形成される。
降水エコー,専門知識,1,降水エコーは、雨滴や雪片などの降水粒子からの反射によって観測されるレーダーエコーである。強度や偏波情報から降水の分布と性質を推定する。
降水強度,専門知識,1,降水強度は、単位時間当たりの降水量で表す降水の強さである。レーダー反射や偏波情報から面的に推定される。
降雪短時間予報,専門知識,1,降雪短時間予報は、数時間先までの降雪量や積雪深の分布を予測する情報である。解析積雪深や数値予報などを利用する。
陸風,専門知識,1,陸風は、夜間に冷えた陸上から相対的に暖かい海上へ吹く風である。一般に海風より弱く、循環も浅い。
離散化,専門知識,1,離散化は、連続な方程式を格子点や波数ごとの有限な計算へ置き換えることをいう。格子点法やスペクトル法が代表的である。
雨雪判別,専門知識,1,雨雪判別は、観測された降水が雨か雪かなどの相を識別することである。二重偏波レーダーでは反射波の偏波特性を利用できる。
雲クラスター,専門知識,1,雲クラスターは、対流雲がまとまって形成する広い雲域である。熱帯や梅雨前線付近の活発な対流活動の把握に用いる。
雲渦,専門知識,1,雲渦は、衛星画像で雲が渦巻き状に組織化したパターンである。発達した温帯低気圧や寒冷低気圧の中心位置を判断する手掛かりとなる。
雲頂温度,専門知識,1,雲頂温度は、衛星の赤外観測から推定される雲頂の放射温度である。一般に低温ほど雲頂が高いが、地上気温や大気構造も考慮する。
電気式湿度計,専門知識,1,電気式湿度計は、湿度による感湿素子の電気抵抗や静電容量の変化を利用する測器である。通風乾湿計と測定原理が異なる。
露点温度,専門知識,1,露点温度は、水蒸気量を変えずに空気を冷却したとき飽和に達する温度である。気温との差が小さいほど飽和に近い。
露点計,専門知識,1,露点計は、鏡面などを冷却して結露が生じる温度から露点温度を測る測器である。湿度を直接的に求める方法の一つである。
静力学平衡,専門知識,1,静力学平衡は、鉛直気圧傾度力と重力が釣り合った状態である。大気の気圧と高度の関係を考える基礎となる。
静力学近似,専門知識,1,静力学近似は、鉛直方向の運動方程式を静力学平衡で置き換える近似である。水平規模の小さい強い対流では非静力学効果が重要となる。
非降水エコー,専門知識,1,非降水エコーは、降水以外の地物、海面、生物、異常伝搬などによって現れるレーダーエコーである。品質管理で降水エコーとの識別・除去を行う。
顕著な大雨に関する気象情報,専門知識,1,顕著な大雨に関する気象情報は、線状降水帯による非常に激しい雨が同じ場所で降り続いている状況などを知らせる情報である。大雨災害の危険度が急激に高まっていることを伝える。
風向風速計,専門知識,1,風向風速計は、風向と風速を測定する測器である。風車型ではプロペラと尾翼などを用いて両者を求める。
風車型風向風速計,専門知識,1,風車型風向風速計は、尾翼で風上へ向いたプロペラの回転から風速を、向きから風向を測る測器である。地上気象観測で広く使用される。
風速計,専門知識,1,風速計は、空気の流れの速さを測る測器である。風車型や超音波式などがあり、設置高度や周囲の障害物が観測値に影響する。
飽和水蒸気圧,専門知識,1,飽和水蒸気圧は、水蒸気と水または氷が平衡にあるときの水蒸気圧である。主に温度で決まり、温度が高いほど大きい。
高気圧性循環,専門知識,1,高気圧性循環は、北半球では時計回り、南半球では反時計回りの循環である。流線や高度偏差から大規模な循環場を読む際に用いる。
高潮注意報,専門知識,1,高潮注意報は、異常な潮位上昇による災害のおそれがある場合に発表される。高潮警報より低い段階だが、満潮時刻と台風接近の重なりに注意する。
